<?xml version="1.0"?>
<overlay xmlns="http://vimperator.org/namespaces/liberator"><dl insertafter="ex-cmd-index"><dt><ex>:!</ex></dt><dd>Run a command</dd><dt><ex>:abbreviate</ex></dt><dd>Abbreviate a key sequence</dd><dt><ex>:addons</ex></dt><dd>List installed extensions</dd><dt><ex>:autocmd</ex></dt><dd>Execute commands automatically on events</dd><dt><ex>:back</ex></dt><dd>Go back in the browser history</dd><dt><ex>:background</ex></dt><dd>Execute a command opening any new tabs in the background</dd><dt><ex>:bdelete</ex></dt><dd>Delete matching buffers</dd><dt tag=":blistkeys"><ex>:blistkeys</ex></dt><dd>List all Base mode mappings along with their short descriptions</dd><dt tag=":bmap"><ex>:bmap</ex></dt><dd>Map a key sequence in Base mode</dd><dt><ex>:bmark</ex></dt><dd>Add a bookmark</dd><dt><ex>:bmarks</ex></dt><dd>List or open multiple bookmarks</dd><dt tag=":bnoremap"><ex>:bnoremap</ex></dt><dd>Map a key sequence without remapping keys in Base mode</dd><dt><ex>:buffer</ex></dt><dd>Switch to a buffer</dd><dt><ex>:buffers</ex></dt><dd>Show a list of all buffers</dd><dt tag=":bunmap"><ex>:bunmap</ex></dt><dd>Remove a mapping in Base mode</dd><dt><ex>:cabbreviate</ex></dt><dd>Abbreviate a key sequence in Command Line mode</dd><dt tag=":caretlistkeys"><ex>:caretlistkeys</ex></dt><dd>List all Caret mode mappings along with their short descriptions</dd><dt tag=":caretmap"><ex>:caretmap</ex></dt><dd>Map a key sequence in Caret mode</dd><dt tag=":caretnoremap"><ex>:caretnoremap</ex></dt><dd>Map a key sequence without remapping keys in Caret mode</dd><dt tag=":caretunmap"><ex>:caretunmap</ex></dt><dd>Remove a mapping in Caret mode</dd><dt><ex>:cd</ex></dt><dd>Change the current directory</dd><dt tag=":clistkeys"><ex>:clistkeys</ex></dt><dd>List all Command Line mode mappings along with their short descriptions</dd><dt tag=":Clistkeys"><ex>:Clistkeys</ex></dt><dd>List all Command mode mappings along with their short descriptions</dd><dt><ex>:cmap</ex></dt><dd>Map a key sequence in Command Line mode</dd><dt tag=":Cmap"><ex>:Cmap</ex></dt><dd>Map a key sequence in Command mode</dd><dt><ex>:cnoremap</ex></dt><dd>Map a key sequence without remapping keys in Command Line mode</dd><dt tag=":Cnoremap"><ex>:Cnoremap</ex></dt><dd>Map a key sequence without remapping keys in Command mode</dd><dt><ex>:colorscheme</ex></dt><dd>Load a color scheme</dd><dt><ex>:command</ex></dt><dd>List or define commands</dd><dt><ex>:completions</ex></dt><dd>List the completion results for a given command substring</dd><dt><ex>:contexts</ex></dt><dd>List the completion contexts used during completion of an Ex command</dd><dt><ex>:cookies</ex></dt><dd>Change cookie permissions for sites</dd><dt><ex>:cunabbreviate</ex></dt><dd>Remove an abbreviation in Command Line mode</dd><dt><ex>:cunmap</ex></dt><dd>Remove a mapping in Command Line mode</dd><dt tag=":Cunmap"><ex>:Cunmap</ex></dt><dd>Remove a mapping in Command mode</dd><dt><ex>:delbmarks</ex></dt><dd>Delete a bookmark</dd><dt><ex>:delcommand</ex></dt><dd>Delete the specified user-defined command</dd><dt><ex>:delgroup</ex></dt><dd>Delete a group</dd><dt><ex>:delmacros</ex></dt><dd>Delete macros</dd><dt><ex>:delmarks</ex></dt><dd>Delete the specified marks</dd><dt><ex>:delqmarks</ex></dt><dd>Delete the specified QuickMarks</dd><dt><ex>:delstyle</ex></dt><dd>Remove a user style sheet</dd><dt><ex>:dialog</ex></dt><dd>Open a Pentadactyl dialog</dd><dt><ex>:dlclear</ex></dt><dd>Clear completed downloads</dd><dt><ex>:doautoall</ex></dt><dd>Apply the autocommands matching the specified URL pattern to all buffers</dd><dt><ex>:doautocmd</ex></dt><dd>Apply the autocommands matching the specified URL pattern to the current buffer</dd><dt><ex>:downloads</ex></dt><dd>Display the downloads list</dd><dt><ex>:echo</ex></dt><dd>Echo the expression</dd><dt><ex>:echoerr</ex></dt><dd>Echo the expression as an error message</dd><dt><ex>:echomsg</ex></dt><dd>Echo the expression as an informational message</dd><dt><ex>:else</ex></dt><dd>Execute commands until the next <ex>:endif</ex> only if the previous conditionals were not executed</dd><dt><ex>:elseif</ex></dt><dd>Execute commands until the next <ex>:elseif</ex>, <ex>:else</ex>, or <ex>:endif</ex> only if the argument returns true</dd><dt><ex>:emenu</ex></dt><dd>Execute the specified menu item from the command line</dd><dt><ex>:endif</ex></dt><dd>End a string of <ex>:if</ex>/<ex>:elseif</ex>/<ex>:else</ex> conditionals</dd><dt><ex>:execute</ex></dt><dd>Execute the argument as an Ex command</dd><dt><ex>:exit</ex></dt><dd>Quit Pentadactyl</dd><dt><ex>:extadd</ex></dt><dd>Install an extension</dd><dt><ex>:extdelete</ex></dt><dd>Uninstall an extension</dd><dt><ex>:extdisable</ex></dt><dd>Disable an extension</dd><dt><ex>:extenable</ex></dt><dd>Enable an extension</dd><dt><ex>:extoptions</ex></dt><dd>Open an extension's preference dialog</dd><dt><ex>:extrehash</ex></dt><dd>Reload an extension</dd><dt><ex>:exttoggle</ex></dt><dd>Toggle an extension's enabled status</dd><dt><ex>:extupdate</ex></dt><dd>Update an extension</dd><dt><ex>:feedkeys</ex></dt><dd>Fake key events</dd><dt><ex>:finish</ex></dt><dd>Stop sourcing a script file</dd><dt><ex>:forward</ex></dt><dd>Go forward in the browser history</dd><dt><ex>:frameonly</ex></dt><dd>Show only the current frame's page</dd><dt><ex>:group</ex></dt><dd>Create or select a group</dd><dt><ex>:hardcopy</ex></dt><dd>Print current document</dd><dt><ex>:help</ex></dt><dd>Open the introductory help page</dd><dt><ex>:helpall</ex></dt><dd>Open the single consolidated help page</dd><dt><ex>:highlight</ex></dt><dd>Set the style of certain display elements</dd><dt><ex>:history</ex></dt><dd>Show recently visited URLs</dd><dt><ex>:iabbreviate</ex></dt><dd>Abbreviate a key sequence in Insert mode</dd><dt><ex>:if</ex></dt><dd>Execute commands until the next <ex>:elseif</ex>, <ex>:else</ex>, or <ex>:endif</ex> only if the argument returns true</dd><dt tag=":ilistkeys"><ex>:ilistkeys</ex></dt><dd>List all Insert mode mappings along with their short descriptions</dd><dt tag=":Ilistkeys"><ex>:Ilistkeys</ex></dt><dd>List all Input mode mappings along with their short descriptions</dd><dt><ex>:imap</ex></dt><dd>Map a key sequence in Insert mode</dd><dt tag=":Imap"><ex>:Imap</ex></dt><dd>Map a key sequence in Input mode</dd><dt><ex>:inoremap</ex></dt><dd>Map a key sequence without remapping keys in Insert mode</dd><dt tag=":Inoremap"><ex>:Inoremap</ex></dt><dd>Map a key sequence without remapping keys in Input mode</dd><dt><ex>:iunabbreviate</ex></dt><dd>Remove an abbreviation in Insert mode</dd><dt><ex>:iunmap</ex></dt><dd>Remove a mapping in Insert mode</dd><dt tag=":Iunmap"><ex>:Iunmap</ex></dt><dd>Remove a mapping in Input mode</dd><dt><ex>:javascript</ex></dt><dd>Evaluate a JavaScript string</dd><dt><ex>:jumps</ex></dt><dd>Show jumplist</dd><dt><ex>:keepalt</ex></dt><dd>Execute a command without changing the current alternate buffer</dd><dt><ex>:let</ex></dt><dd>Set or list a variable</dd><dt><ex>:listcommands</ex></dt><dd>List all Ex commands along with their short descriptions</dd><dt><ex>:listkeys</ex></dt><dd>List all mappings along with their short descriptions</dd><dt><ex>:listoptions</ex></dt><dd>List all options along with their short descriptions</dd><dt><ex>:loadplugins</ex></dt><dd>Load all or matching plugins</dd><dt><ex>:macros</ex></dt><dd>List all macros</dd><dt><ex>:map</ex></dt><dd>Map a key sequence</dd><dt><ex>:mark</ex></dt><dd>Mark current location within the web page</dd><dt><ex>:marks</ex></dt><dd>Show the specified marks</dd><dt><ex>:messages</ex></dt><dd>Display previously shown messages</dd><dt><ex>:messclear</ex></dt><dd>Clear the message history</dd><dt><ex>:mkpentadactylrc</ex></dt><dd>Write current key mappings and changed options to the config file</dd><dt><ex>:mkvimruntime</ex></dt><dd>Create and install Vim runtime files for Pentadactyl</dd><dt tag=":mlistkeys"><ex>:mlistkeys</ex></dt><dd>List all Main mode mappings along with their short descriptions</dd><dt tag=":mmap"><ex>:mmap</ex></dt><dd>Map a key sequence in Main mode</dd><dt tag=":mnoremap"><ex>:mnoremap</ex></dt><dd>Map a key sequence without remapping keys in Main mode</dd><dt tag=":munmap"><ex>:munmap</ex></dt><dd>Remove a mapping in Main mode</dd><dt tag=":nlistkeys"><ex>:nlistkeys</ex></dt><dd>List all Normal mode mappings along with their short descriptions</dd><dt><ex>:nmap</ex></dt><dd>Map a key sequence in Normal mode</dd><dt><ex>:nnoremap</ex></dt><dd>Map a key sequence without remapping keys in Normal mode</dd><dt><ex>:nohlfind</ex></dt><dd>Remove the find highlighting</dd><dt><ex>:noremap</ex></dt><dd>Map a key sequence without remapping keys</dd><dt><ex>:normal</ex></dt><dd>Execute Normal mode commands</dd><dt><ex>:nunmap</ex></dt><dd>Remove a mapping in Normal mode</dd><dt tag=":olistkeys"><ex>:olistkeys</ex></dt><dd>List all Operator mode mappings along with their short descriptions</dd><dt tag=":omap"><ex>:omap</ex></dt><dd>Map a key sequence in Operator mode</dd><dt tag=":onoremap"><ex>:onoremap</ex></dt><dd>Map a key sequence without remapping keys in Operator mode</dd><dt><ex>:open</ex></dt><dd>Open one or more URLs in the current tab</dd><dt tag=":ounmap"><ex>:ounmap</ex></dt><dd>Remove a mapping in Operator mode</dd><dt><ex>:pageinfo</ex></dt><dd>Show various page information</dd><dt><ex>:pagestyle</ex></dt><dd>Select the author style sheet to apply</dd><dt><ex>:pintab</ex></dt><dd>Pin tab as an application tab</dd><dt tag=":preferences"><ex>:preferences</ex></dt><dd>Show Firefox preferences</dd><dt><ex>:private</ex></dt><dd>Enable privacy features of a command, when applicable, and do not save the invocation in command history</dd><dt><ex>:pwd</ex></dt><dd>Print the current directory name</dd><dt><ex>:qmark</ex></dt><dd>Mark a URL with a letter for quick access</dd><dt><ex>:qmarks</ex></dt><dd>Show the specified QuickMarks</dd><dt><ex>:quit</ex></dt><dd>Quit current tab</dd><dt><ex>:quitall</ex></dt><dd>Quit this Pentadactyl window</dd><dt><ex>:redraw</ex></dt><dd>Redraw the screen</dd><dt tag=":registers"><ex>:registers</ex></dt><dd>List the contents of known registers</dd><dt><ex>:rehash</ex></dt><dd>Reload the Pentadactyl add-on</dd><dt><ex>:reload</ex></dt><dd>Reload the current web page</dd><dt><ex>:reloadall</ex></dt><dd>Reload all tab pages</dd><dt><ex>:restart</ex></dt><dd>Force Firefox to restart</dd><dt><ex>:runtime</ex></dt><dd>Source the specified file from each directory in 'runtimepath'</dd><dt><ex>:sanitize</ex></dt><dd>Clear private data</dd><dt><ex>:saveas</ex></dt><dd>Save current document to disk</dd><dt><ex>:sbclose</ex></dt><dd>Close the sidebar window</dd><dt><ex>:scriptnames</ex></dt><dd>List all sourced script names</dd><dt tag=":set"><ex>:set</ex></dt><dd>Set an option</dd><dt tag=":setglobal"><ex>:setglobal</ex></dt><dd>Set global option</dd><dt tag=":setlocal"><ex>:setlocal</ex></dt><dd>Set local option</dd><dt><ex>:sidebar</ex></dt><dd>Open the sidebar window</dd><dt><ex>:silent</ex></dt><dd>Run a command silently</dd><dt><ex>:source</ex></dt><dd>Read Ex commands, JavaScript or CSS from a file</dd><dt><ex>:stop</ex></dt><dd>Stop loading the current web page</dd><dt><ex>:stopall</ex></dt><dd>Stop loading all tab pages</dd><dt><ex>:style</ex></dt><dd>Add or list user styles</dd><dt><ex>:styledisable</ex></dt><dd>Disable a user style sheet</dd><dt><ex>:styleenable</ex></dt><dd>Enable a user style sheet</dd><dt><ex>:styletoggle</ex></dt><dd>Toggle a user style sheet</dd><dt><ex>:tab</ex></dt><dd>Execute a command and tell it to output in a new tab</dd><dt><ex>:tabattach</ex></dt><dd>Attach the current tab to another window</dd><dt><ex>:tabclose</ex></dt><dd>Delete matching tabs</dd><dt><ex>:tabdetach</ex></dt><dd>Detach current tab to its own window</dd><dt><ex>:tabdo</ex></dt><dd>Execute a command in each tab</dd><dt><ex>:tabduplicate</ex></dt><dd>Duplicate current tab</dd><dt><ex>:tablast</ex></dt><dd>Switch to the last tab</dd><dt><ex>:tabmove</ex></dt><dd>Move the current tab to the position of tab N</dd><dt><ex>:tabnext</ex></dt><dd>Switch to the next or [count]th tab</dd><dt><ex>:tabonly</ex></dt><dd>Close all other tabs</dd><dt><ex>:tabopen</ex></dt><dd>Open one or more URLs in a new tab</dd><dt><ex>:tabprevious</ex></dt><dd>Switch to the previous tab or go [count] tabs back</dd><dt><ex>:tabrewind</ex></dt><dd>Switch to the first tab</dd><dt><ex>:tgroup-delete</ex></dt><dd>delete a tabgroup incl. its items</dd><dt><ex>:tgroup-get</ex></dt><dd>get a tab to the current group</dd><dt><ex>:tgroup-init</ex></dt><dd>refresh the group list</dd><dt><ex>:tgroup-move</ex></dt><dd>Change current tab to another group</dd><dt><ex>:tgroup-new</ex></dt><dd>add a new tabgroup</dd><dt><ex>:tgroup-switch</ex></dt><dd>switch to last viewed tab of a specified group</dd><dt><ex>:tgroup-title</ex></dt><dd>Change the title of the current group</dd><dt><ex>:time</ex></dt><dd>Profile a piece of code or run a command multiple times</dd><dt tag=":tlistkeys"><ex>:tlistkeys</ex></dt><dd>List all Text Edit mode mappings along with their short descriptions</dd><dt><ex>:tmap</ex></dt><dd>Map a key sequence in Text Edit mode</dd><dt><ex>:tnoremap</ex></dt><dd>Map a key sequence without remapping keys in Text Edit mode</dd><dt><ex>:toolbarhide</ex></dt><dd>Hide the named toolbar</dd><dt><ex>:toolbarshow</ex></dt><dd>Show the named toolbar</dd><dt><ex>:toolbartoggle</ex></dt><dd>Toggle the named toolbar</dd><dt><ex>:tunmap</ex></dt><dd>Remove a mapping in Text Edit mode</dd><dt><ex>:unabbreviate</ex></dt><dd>Remove an abbreviation</dd><dt><ex>:undo</ex></dt><dd>Undo closing of a tab</dd><dt><ex>:undoall</ex></dt><dd>Undo closing of all closed tabs</dd><dt><ex>:unlet</ex></dt><dd>Delete a variable</dd><dt><ex>:unmap</ex></dt><dd>Remove a mapping</dd><dt><ex>:unpintab</ex></dt><dd>Unpin tab as an application tab</dd><dt><ex>:verbose</ex></dt><dd>Execute a command with 'verbose' set</dd><dt><ex>:version</ex></dt><dd>Show version information</dd><dt><ex>:viewsource</ex></dt><dd>View source code of current document</dd><dt tag=":vlistkeys"><ex>:vlistkeys</ex></dt><dd>List all Visual mode mappings along with their short descriptions</dd><dt><ex>:vmap</ex></dt><dd>Map a key sequence in Visual mode</dd><dt><ex>:vnoremap</ex></dt><dd>Map a key sequence without remapping keys in Visual mode</dd><dt><ex>:vunmap</ex></dt><dd>Remove a mapping in Visual mode</dd><dt><ex>:winclose</ex></dt><dd>Close window</dd><dt><ex>:window</ex></dt><dd>Execute a command and tell it to output in a new window</dd><dt><ex>:winonly</ex></dt><dd>Close all other windows</dd><dt><ex>:winopen</ex></dt><dd>Open one or more URLs in a new window</dd><dt><ex>:wqall</ex></dt><dd>Save the session and quit</dd><dt><ex>:yank</ex></dt><dd>Yank the output of the given command to the clipboard</dd><dt><ex>:zoom</ex></dt><dd>Set zoom value of current web page</dd></dl>

<dl insertafter="option-index"><dt tag="'activate'"><o>activate</o></dt><dd>Define when newly created tabs are automatically activated</dd><dt tag="'altwildmode'"><o>altwildmode</o></dt><dd>Define the behavior of the <k>c_&lt;A-Tab&gt;</k> key in command-line completion</dd><dt tag="'australis-gui'"><o>australis-gui</o></dt><dd>Turn on the australis gui settings</dd><dt tag="'autocomplete'"><o>autocomplete</o></dt><dd>Automatically update the completion list on any key press</dd><dt tag="'banghist'"><o>banghist</o></dt><dd>Replace occurrences of ! with the previous command when executing external commands</dd><dt tag="'cdpath'"><o>cdpath</o></dt><dd>List of directories searched when executing <ex>:cd</ex></dd><dt tag="'complete'"><o>complete</o></dt><dd>Items which are completed at the <ex>:open</ex> prompts</dd><dt tag="'cookieaccept'"><o>cookieaccept</o></dt><dd>When to accept cookies</dd><dt tag="'cookielifetime'"><o>cookielifetime</o></dt><dd>The lifetime for which to accept cookies</dd><dt tag="'cookies'"><o>cookies</o></dt><dd>The default mode for newly added cookie permissions</dd><dt tag="'defsearch'"><o>defsearch</o></dt><dd>The default search engine</dd><dt tag="'downloadsort'"><o>downloadsort</o></dt><dd><ex>:downloads</ex> sort order</dd><dt tag="'editor'"><o>editor</o></dt><dd>The external text editor</dd><dt tag="'encoding'"><o>encoding</o></dt><dd>The current buffer's character encoding</dd><dt tag="'errorbells'"><o>errorbells</o></dt><dd>Ring the bell when an error message is displayed</dd><dt tag="'eventignore'"><o>eventignore</o></dt><dd>List of autocommand event names which should be ignored</dd><dt tag="'exrc'"><o>exrc</o></dt><dd>Enable automatic sourcing of an RC file in the current directory at startup</dd><dt tag="'extendedhinttags'"><o>extendedhinttags</o></dt><dd>XPath or CSS selector strings of hintable elements for extended hint modes</dd><dt tag="'fileencoding'"><o>fileencoding</o></dt><dd>The character encoding used when reading and writing files</dd><dt tag="'findcase'"><o>findcase</o></dt><dd>Find case matching mode</dd><dt tag="'findflags'"><o>findflags</o></dt><dd>Default flags for find invocations</dd><dt tag="'followhints'"><o>followhints</o></dt><dd>Define the conditions under which selected hints are followed</dd><dt tag="'fullscreen'"><o>fullscreen</o></dt><dd>Show the current window fullscreen</dd><dt tag="'guioptions'"><o>guioptions</o></dt><dd>Show or hide certain GUI elements like the menu or toolbar</dd><dt tag="'helpfile'"><o>helpfile</o></dt><dd>Name of the main help file</dd><dt tag="'hintinputs'"><o>hintinputs</o></dt><dd>Which text is used to filter hints for input elements</dd><dt tag="'hintkeys'"><o>hintkeys</o></dt><dd>The keys used to label and select hints</dd><dt tag="'hintmatching'"><o>hintmatching</o></dt><dd>How hints are filtered</dd><dt tag="'hinttags'"><o>hinttags</o></dt><dd>XPath or CSS selector strings of hintable elements for Hints mode</dd><dt tag="'hinttimeout'"><o>hinttimeout</o></dt><dd>Timeout before automatically following a non-unique numerical hint</dd><dt tag="'history'"><o>history</o></dt><dd>Number of Ex commands and search patterns to store in the command-line history</dd><dt tag="'hlfind'"><o>hlfind</o></dt><dd>Highlight all /find pattern matches on the current page after submission</dd><dt tag="'incfind'"><o>incfind</o></dt><dd>Find a pattern incrementally as it is typed rather than awaiting c_&lt;Return&gt;</dd><dt tag="'insertmode'"><o>insertmode</o></dt><dd>Enter Insert mode rather than Text Edit mode when focusing text areas</dd><dt tag="'iskeyword'"><o>iskeyword</o></dt><dd>Regular expression defining which characters constitute words</dd><dt tag="'jumptags'"><o>jumptags</o></dt><dd>XPath or CSS selector strings of jumpable elements for extended hint modes</dd><dt tag="'linenumbers'"><o>linenumbers</o></dt><dd>Patterns used to determine line numbers used by G</dd><dt tag="'loadplugins'"><o>loadplugins</o></dt><dd>A regexp list that defines which plugins are loaded at startup and via <ex>:loadplugins</ex></dd><dt tag="'maxitems'"><o>maxitems</o></dt><dd>Maximum number of completion items to display at once</dd><dt tag="'messages'"><o>messages</o></dt><dd>Number of messages to store in the <ex>:messages</ex> history</dd><dt tag="'more'"><o>more</o></dt><dd>Pause the message list window when the full output will not fit on one page</dd><dt tag="'newtab'"><o>newtab</o></dt><dd>Define which commands should output in a new tab by default</dd><dt tag="'nextpattern'"><o>nextpattern</o></dt><dd>Patterns to use when guessing the next page in a document sequence</dd><dt tag="'online'"><o>online</o></dt><dd>Enables or disables offline mode</dd><dt tag="'pageinfo'"><o>pageinfo</o></dt><dd>Define which sections are shown by the <ex>:pageinfo</ex> command</dd><dt tag="'passkeys'"><o>passkeys</o></dt><dd>Pass certain keys through directly for the given URLs</dd><dt tag="'passunknown'"><o>passunknown</o></dt><dd>Pass through unknown keys in these modes</dd><dt tag="'popups'"><o>popups</o></dt><dd>Where to show requested popup windows</dd><dt tag="'previouspattern'"><o>previouspattern</o></dt><dd>Patterns to use when guessing the previous page in a document sequence</dd><dt tag="'runtimepath'"><o>runtimepath</o></dt><dd>List of directories searched for runtime files</dd><dt tag="'sanitizeitems'"><o>sanitizeitems</o></dt><dd>The default list of private items to sanitize</dd><dt tag="'sanitizeshutdown'"><o>sanitizeshutdown</o></dt><dd>The items to sanitize automatically at shutdown</dd><dt tag="'sanitizetimespan'"><o>sanitizetimespan</o></dt><dd>The default sanitizer time span</dd><dt tag="'scroll'"><o>scroll</o></dt><dd>Number of lines to scroll with <k>&lt;C-u&gt;</k> and <k>&lt;C-d&gt;</k> commands</dd><dt tag="'scrollsteps'"><o>scrollsteps</o></dt><dd>The number of steps in which to smooth scroll to a new position</dd><dt tag="'scrolltime'"><o>scrolltime</o></dt><dd>The time, in milliseconds, in which to smooth scroll to a new position</dd><dt tag="'shell'"><o>shell</o></dt><dd>Shell to use for executing external commands with <k>:!</k> and <ex>:run</ex></dd><dt tag="'shellcmdflag'"><o>shellcmdflag</o></dt><dd>Flag passed to shell when executing external commands with <k>:!</k> and <ex>:run</ex></dd><dt tag="'showmode'"><o>showmode</o></dt><dd>Show the current mode in the command line when it matches this expression</dd><dt tag="'showstatuslinks'"><o>showstatuslinks</o></dt><dd>Where to show the destination of the link under the cursor</dd><dt tag="'showtabline'"><o>showtabline</o></dt><dd>Define when the tab bar is visible</dd><dt tag="'spelllang'"><o>spelllang</o></dt><dd>The language used by the spell checker</dd><dt tag="'strictfocus'"><o>strictfocus</o></dt><dd>Prevent scripts from focusing input elements without user intervention</dd><dt tag="'suggestengines'"><o>suggestengines</o></dt><dd>Search engines used for search suggestions</dd><dt tag="'tabs-on-sidebar'"><o>tabs-on-sidebar</o></dt><dd>Put tabs on vertical sidebar!</dd><dt tag="'tabs-on-statusline'"><o>tabs-on-statusline</o></dt><dd>Put tabstoolbar on pentadactyl statusline! </dd><dt tag="'timeout'"><o>timeout</o></dt><dd>Whether to execute a shorter key command after a timeout when a longer command exists</dd><dt tag="'timeoutlen'"><o>timeoutlen</o></dt><dd>Maximum time (milliseconds) to wait for a longer key command when a shorter one exists</dd><dt tag="'titlestring'"><o>titlestring</o></dt><dd>The string shown at the end of the window title</dd><dt tag="'urlseparator'"><o>urlseparator</o></dt><dd>The regular expression used to separate multiple URLs in <ex>:open</ex> and friends</dd><dt tag="'usermode'"><o>usermode</o></dt><dd>Show current website without styling defined by the author</dd><dt tag="'verbose'"><o>verbose</o></dt><dd>Define which info messages are displayed</dd><dt tag="'visualbell'"><o>visualbell</o></dt><dd>Use visual bell instead of beeping on errors</dd><dt tag="'wildanchor'"><o>wildanchor</o></dt><dd>Define which completion groups only match at the beginning of their text</dd><dt tag="'wildcase'"><o>wildcase</o></dt><dd>Completion case matching mode</dd><dt tag="'wildignore'"><o>wildignore</o></dt><dd>List of path name patterns to ignore when completing files and directories</dd><dt tag="'wildmode'"><o>wildmode</o></dt><dd>Define the behavior of the <k>c_&lt;Tab&gt;</k> key in command-line completion</dd><dt tag="'wildsort'"><o>wildsort</o></dt><dd>Define which completion groups are sorted</dd><dt tag="'wordseparators'"><o>wordseparators</o></dt><dd>Regular expression defining which characters separate words when matching hints</dd><dt tag="'yankshort'"><o>yankshort</o></dt><dd>Yank the canonical short URL of a web page where provided</dd></dl>

<dl insertafter="b-map-index"><dt><k name="C-["></k></dt><dd>Return to Normal mode</dd><dt tag="&lt;CapsLock&gt;"><k name="CapsLock"></k></dt><dd>Do Nothing</dd><dt><k name="Esc"></k></dt><dd>Return to Normal mode</dd><dt><k name="Nop"></k></dt><dd>Do nothing</dd><dt><k name="Pass"></k></dt><dd>Pass the events consumed by the last executed mapping</dd></dl>

<dl insertafter="m-map-index"><dt><k name="A-b"></k></dt><dd>Process the next key as a builtin mapping</dd><dt><k name="C-l"></k></dt><dd>Redraw the screen</dd><dt><k name="C-v"></k></dt><dd>Pass through next key</dd><dt><k name="C-z"></k></dt><dd>Temporarily ignore all Pentadactyl key bindings</dd><dt><k name="pass-all-keys"></k></dt><dd>Temporarily ignore all Pentadactyl key bindings</dd><dt><k name="pass-next-key-builtin"></k></dt><dd>Process the next key as a builtin mapping</dd><dt><k name="pass-next-key"></k></dt><dd>Pass through next key</dd><dt><k name="redraw-screen"></k></dt><dd>Redraw the screen</dd></dl>

<dl insertafter="C-map-index"><dt><k>:</k></dt><dd>Enter Command Line mode</dd><dt><k>.</k></dt><dd>Repeat the last key event</dd><dt tag="&quot;"><k>"</k></dt><dd>Bind a register to the next command</dd><dt><k>@</k></dt><dd>Play a macro</dd><dt><k>@:</k></dt><dd>Repeat the last Ex command</dd><dt tag="\"><k>\</k></dt><dd>Emits <k>&lt;Leader&gt;</k> pseudo-key</dd><dt><k name="A-m">l</k></dt><dd>Wait for the current page to finish loading before continuing macro playback</dd><dt><k name="A-m">s</k></dt><dd>Sleep for {count} milliseconds before continuing macro playback</dd><dt><k name="C-["></k></dt><dd>Return to the previous mode</dd><dt><k name="C-t"></k></dt><dd>Execute the next mapping in a new tab</dd><dt><k name="Esc"></k></dt><dd>Return to the previous mode</dd><dt><k name="new-tab-next"></k></dt><dd>Execute the next mapping in a new tab</dd><dt><k name="play-macro"></k></dt><dd>Play a macro</dd><dt><k name="record-macro"></k></dt><dd>Record a key sequence into a macro</dd><dt><k name="repeat-key"></k></dt><dd>Repeat the last key event</dd><dt tag="&lt;Sleep&gt;"><k name="Sleep"></k></dt><dd>Sleep for {count} milliseconds before continuing macro playback</dd><dt><k name="wait-for-page-load"></k></dt><dd>Wait for the current page to finish loading before continuing macro playback</dd><dt tag="g&lt;lt&gt;"><k>g&lt;lt&gt;</k></dt><dd>Redisplay the last command output</dd><dt><k>q</k></dt><dd>Record a key sequence into a macro</dd></dl>

<dl insertafter="n-map-index"><dt><k>-</k></dt><dd>Reduce text zoom of current web page</dd><dt><k>;</k></dt><dd>Start an extended hints mode</dd><dt><k>?</k></dt><dd>Find a pattern backward of the current caret position</dd><dt><k>'</k></dt><dd>Jump to the mark in the current buffer</dd><dt><k>[</k></dt><dd>Jump to the previous element as defined by 'jumptags'</dd><dt><k>[[</k></dt><dd>Follow the link labeled 'prev', 'previous' or '&lt;' if it exists</dd><dt><k>[d</k></dt><dd>Go back to the previous domain in the browser history</dd><dt><k>[f</k></dt><dd>Focus previous frame</dd><dt><k>]</k></dt><dd>Jump to the next element as defined by 'jumptags'</dd><dt><k>]]</k></dt><dd>Follow the link labeled 'next' or '&gt;' if it exists</dd><dt><k>]d</k></dt><dd>Go forward to the next domain in the browser history</dd><dt><k>]f</k></dt><dd>Focus next frame</dd><dt><k>{</k></dt><dd>Jump to the previous paragraph</dd><dt><k>}</k></dt><dd>Jump to the next paragraph</dd><dt><k>*</k></dt><dd>Find word under cursor</dd><dt><k>/</k></dt><dd>Find a pattern starting at the current caret position</dd><dt><k>#</k></dt><dd>Find word under cursor backwards</dd><dt><k>%</k></dt><dd>Scroll to {count} percent of the document</dd><dt><k>`</k></dt><dd>Jump to the mark in the current buffer</dd><dt><k>^</k></dt><dd>Scroll to the absolute left of the document</dd><dt><k>+</k></dt><dd>Enlarge text zoom of current web page</dd><dt><k name="A-Left"></k></dt><dd>Go back in the browser history</dd><dt><k name="A-Right"></k></dt><dd>Go forward in the browser history</dd><dt><k name="C-["></k></dt><dd>Return to Normal mode</dd><dt><k name="C-^"></k></dt><dd>Select the alternate tab or the [count]th tab</dd><dt><k name="C-6"></k></dt><dd>Select the alternate tab or the [count]th tab</dd><dt><k name="C-a"></k></dt><dd>Increment last number in URL</dd><dt><k name="C-b"></k></dt><dd>Scroll up a full page</dd><dt><k name="C-c"></k></dt><dd>Stop loading the current web page</dd><dt><k name="C-d"></k></dt><dd>Scroll window downwards in the buffer</dd><dt><k name="C-e"></k></dt><dd>Scroll document down</dd><dt><k name="C-f"></k></dt><dd>Scroll down a full page</dd><dt><k name="C-g"></k></dt><dd>Print the current file name</dd><dt><k name="C-i"></k></dt><dd>Go to a newer position in the jump list</dd><dt><k name="C-n"></k></dt><dd>Go to the next tab</dd><dt><k name="C-o"></k></dt><dd>Go to an older position in the jump list</dd><dt><k name="C-p"></k></dt><dd>Go to previous tab</dd><dt><k name="C-PageDown"></k></dt><dd>Go to the next tab</dd><dt><k name="C-PageUp"></k></dt><dd>Go to previous tab</dd><dt><k name="C-S-Tab"></k></dt><dd>Go to previous tab</dd><dt><k name="C-Tab"></k></dt><dd>Go to the next tab</dd><dt><k name="C-u"></k></dt><dd>Scroll window upwards in the buffer</dd><dt><k name="C-x"></k></dt><dd>Decrement last number in URL</dd><dt><k name="C-y"></k></dt><dd>Scroll document up</dd><dt><k name="decrement-url-path"></k></dt><dd>Decrement last number in URL</dd><dt><k name="Down"></k></dt><dd>Handled by Firefox</dd><dt><k name="End"></k></dt><dd>Go to the end of the document</dd><dt><k name="Esc"></k></dt><dd>Return to Normal mode</dd><dt><k name="find-backward"></k></dt><dd>Find a pattern backward of the current caret position</dd><dt><k name="find-forward"></k></dt><dd>Find a pattern starting at the current caret position</dd><dt><k name="find-next"></k></dt><dd>Find next</dd><dt><k name="find-previous"></k></dt><dd>Find previous</dd><dt><k name="find-word-backward"></k></dt><dd>Find word under cursor backwards</dd><dt><k name="find-word-forward"></k></dt><dd>Find word under cursor</dd><dt><k name="focus-input"></k></dt><dd>Focus last used input field</dd><dt><k name="full-reload"></k></dt><dd>Reload while skipping the cache</dd><dt><k name="full-zoom-in"></k></dt><dd>Enlarge full zoom of current web page</dd><dt><k name="full-zoom-more"></k></dt><dd>Enlarge full zoom of current web page by a larger amount</dd><dt><k name="full-zoom-out"></k></dt><dd>Reduce full zoom of current web page</dd><dt><k name="full-zoom-reduce"></k></dt><dd>Reduce full zoom of current web page by a larger amount</dd><dt><k name="full-zoom"></k></dt><dd>Set full zoom value of current web page</dd><dt><k name="Home"></k></dt><dd>Go to the top of the document</dd><dt><k name="increment-url-path"></k></dt><dd>Increment last number in URL</dd><dt><k name="Insert"></k></dt><dd>Start Caret mode</dd><dt><k name="Left"></k></dt><dd>Scroll document to the left</dd><dt><k name="M-Left"></k></dt><dd>Go back in the browser history</dd><dt><k name="M-Right"></k></dt><dd>Go forward in the browser history</dd><dt><k name="MiddleMouse"></k></dt><dd>Open (put) a URL based on the current clipboard contents in the current buffer</dd><dt><k name="more-page-info"></k></dt><dd>Print file information</dd><dt><k name="next-frame"></k></dt><dd>Focus previous frame</dd><dt><k name="next-page"></k></dt><dd>Follow the link labeled 'next' or '&gt;' if it exists</dd><dt><k name="open-clipboard-url"></k></dt><dd>Open (put) a URL based on the current clipboard contents in the current buffer</dd><dt><k name="open-home-directory"></k></dt><dd>Open home directory</dd><dt><k name="open-homepage"></k></dt><dd>Open homepage</dd><dt><k name="open-parent-path"></k></dt><dd>Go to parent directory</dd><dt><k name="open-root-path"></k></dt><dd>Go to the root of the website</dd><dt><k name="page-info"></k></dt><dd>Print the current file name</dd><dt><k name="PageDown"></k></dt><dd>Scroll down a full page</dd><dt><k name="PageUp"></k></dt><dd>Scroll up a full page</dd><dt><k name="previous-frame"></k></dt><dd>Focus next frame</dd><dt><k name="previous-page"></k></dt><dd>Follow the link labeled 'prev', 'previous' or '&lt;' if it exists</dd><dt><k name="reload"></k></dt><dd>Reload the current web page</dd><dt tag="&lt;Return&gt;"><k name="Return"></k></dt><dd>Handled by Firefox</dd><dt><k name="Right"></k></dt><dd>Scroll document to the right</dd><dt tag="&lt;S-slash&gt;"><k name="S-slash"></k></dt><dd>Find a pattern backward of the current caret position</dd><dt><k name="S-Space"></k></dt><dd>Scroll up a full page</dd><dt><k name="scroll-begin"></k></dt><dd>Scroll to the absolute left of the document</dd><dt><k name="scroll-bottom"></k></dt><dd>Go to the end of the document</dd><dt><k name="scroll-down-line"></k></dt><dd>Scroll document down</dd><dt><k name="scroll-down-page"></k></dt><dd>Scroll down a full page</dd><dt><k name="scroll-down"></k></dt><dd>Scroll window downwards in the buffer</dd><dt><k name="scroll-end"></k></dt><dd>Scroll to the absolute right of the document</dd><dt><k name="scroll-left-column"></k></dt><dd>Scroll document to the left</dd><dt><k name="scroll-percent"></k></dt><dd>Scroll to {count} percent of the document</dd><dt><k name="scroll-right-column"></k></dt><dd>Scroll document to the right</dd><dt><k name="scroll-top"></k></dt><dd>Go to the top of the document</dd><dt><k name="scroll-up-line"></k></dt><dd>Scroll document up</dd><dt><k name="scroll-up-page"></k></dt><dd>Scroll up a full page</dd><dt><k name="scroll-up"></k></dt><dd>Scroll window upwards in the buffer</dd><dt><k name="Space"></k></dt><dd>Scroll down a full page</dd><dt><k name="stop-load"></k></dt><dd>Stop loading the current web page</dd><dt><k name="tab-open-clipboard-url"></k></dt><dd>Open (put) a URL based on the current clipboard contents in a new buffer</dd><dt><k name="tab-open-homepage"></k></dt><dd>Open homepage in a new tab</dd><dt><k name="text-zoom-in"></k></dt><dd>Enlarge text zoom of current web page</dd><dt><k name="text-zoom-more"></k></dt><dd>Enlarge text zoom of current web page by a larger amount</dd><dt><k name="text-zoom-out"></k></dt><dd>Reduce text zoom of current web page</dd><dt><k name="text-zoom-reduce"></k></dt><dd>Reduce text zoom of current web page by a larger amount</dd><dt><k name="text-zoom"></k></dt><dd>Set text zoom value of current web page</dd><dt><k name="Up"></k></dt><dd>Handled by Firefox</dd><dt><k name="view-source-externally"></k></dt><dd>View source with an external editor</dd><dt><k name="view-source"></k></dt><dd>Toggle between rendered and source view</dd><dt><k name="yank-location"></k></dt><dd>Yank current location to the clipboard</dd><dt><k name="yank-selection"></k></dt><dd>Copy selected text or current word</dd><dt><k>~</k></dt><dd>Open home directory</dd><dt><k>$</k></dt><dd>Scroll to the absolute right of the document</dd><dt><k>0</k></dt><dd>Scroll to the absolute left of the document</dd><dt><k>a</k></dt><dd>Open a prompt to bookmark the current URL</dd><dt><k>A</k></dt><dd>Toggle bookmarked state of current URL</dd><dt><k>b</k></dt><dd>Open a prompt to switch buffers</dd><dt><k>B</k></dt><dd>Show buffer list</dd><dt><k>d</k></dt><dd>Delete current buffer</dd><dt><k>D</k></dt><dd>Delete current buffer, focus tab to the left</dd><dt><k>f</k></dt><dd>Start Hints mode</dd><dt><k>F</k></dt><dd>Start Hints mode, but open link in a new tab</dd><dt><k>G</k></dt><dd>Go to the end of the document</dd><dt><k>g;</k></dt><dd>Start an extended hints mode and stay there until <k>&lt;Esc&gt;</k> is pressed</dd><dt><k>g]</k></dt><dd>Jump to the next off-screen element as defined by 'jumptags'</dd><dt><k>g^</k></dt><dd>Go to the first tab</dd><dt><k>g&lt;C-g&gt;</k></dt><dd>Print file information</dd><dt><k>g$</k></dt><dd>Go to the last tab</dd><dt><k>g0</k></dt><dd>Go to the first tab</dd><dt><k>gb</k></dt><dd>Repeat last <ex>:buffer</ex> command</dd><dt><k>gB</k></dt><dd>Repeat last <ex>:buffer</ex> command in reverse direction</dd><dt><k>gf</k></dt><dd>Toggle between rendered and source view</dd><dt><k>gF</k></dt><dd>View source with an external editor</dd><dt><k>gg</k></dt><dd>Go to the top of the document</dd><dt><k>gh</k></dt><dd>Open homepage</dd><dt><k>gH</k></dt><dd>Open homepage in a new tab</dd><dt><k>gi</k></dt><dd>Focus last used input field</dd><dt><k>gn</k></dt><dd>Jump to a QuickMark in a new tab</dd><dt><k>go</k></dt><dd>Jump to a QuickMark</dd><dt><k>gP</k></dt><dd>Open (put) a URL based on the current clipboard contents in a new background buffer</dd><dt><k>gt</k></dt><dd>Go to the next tab</dd><dt><k>gT</k></dt><dd>Go to previous tab</dd><dt><k>gu</k></dt><dd>Go to parent directory</dd><dt><k>gU</k></dt><dd>Go to the root of the website</dd><dt><k>h</k></dt><dd>Scroll document to the left</dd><dt><k>H</k></dt><dd>Go back in the browser history</dd><dt><k>i</k></dt><dd>Start Caret mode</dd><dt><k>j</k></dt><dd>Scroll document down</dd><dt><k>k</k></dt><dd>Scroll document up</dd><dt><k>l</k></dt><dd>Scroll document to the right</dd><dt><k>L</k></dt><dd>Go forward in the browser history</dd><dt><k>m</k></dt><dd>Set mark at the cursor position</dd><dt><k>M</k></dt><dd>Add new QuickMark for current URL</dd><dt><k>n</k></dt><dd>Find next</dd><dt><k>N</k></dt><dd>Find previous</dd><dt><k>o</k></dt><dd>Open one or more URLs</dd><dt><k>O</k></dt><dd>Open one or more URLs, based on current location</dd><dt><k>p</k></dt><dd>Open (put) a URL based on the current clipboard contents in the current buffer</dd><dt><k>P</k></dt><dd>Open (put) a URL based on the current clipboard contents in a new buffer</dd><dt><k>r</k></dt><dd>Reload the current web page</dd><dt><k>R</k></dt><dd>Reload while skipping the cache</dd><dt><k>s</k></dt><dd>Open a search prompt</dd><dt><k>S</k></dt><dd>Open a search prompt for a new tab</dd><dt><k>t</k></dt><dd>Open one or more URLs in a new tab</dd><dt><k>T</k></dt><dd>Open one or more URLs in a new tab, based on current location</dd><dt><k>u</k></dt><dd>Undo closing of a tab</dd><dt><k>w</k></dt><dd>Open one or more URLs in a new window</dd><dt><k>W</k></dt><dd>Open one or more URLs in a new window, based on current location</dd><dt><k>y</k></dt><dd>Yank current location to the clipboard</dd><dt><k>Y</k></dt><dd>Copy selected text or current word</dd><dt><k>zi</k></dt><dd>Enlarge text zoom of current web page</dd><dt><k>zI</k></dt><dd>Enlarge full zoom of current web page</dd><dt><k>ZI</k></dt><dd>Enlarge full zoom of current web page</dd><dt><k>zm</k></dt><dd>Enlarge text zoom of current web page by a larger amount</dd><dt><k>zM</k></dt><dd>Enlarge full zoom of current web page by a larger amount</dd><dt><k>ZM</k></dt><dd>Enlarge full zoom of current web page by a larger amount</dd><dt><k>zo</k></dt><dd>Reduce text zoom of current web page</dd><dt><k>zO</k></dt><dd>Reduce full zoom of current web page</dd><dt><k>ZO</k></dt><dd>Reduce full zoom of current web page</dd><dt><k>ZQ</k></dt><dd>Quit and don't save the session</dd><dt><k>zr</k></dt><dd>Reduce text zoom of current web page by a larger amount</dd><dt><k>zR</k></dt><dd>Reduce full zoom of current web page by a larger amount</dd><dt><k>ZR</k></dt><dd>Reduce full zoom of current web page by a larger amount</dd><dt><k>zz</k></dt><dd>Set text zoom value of current web page</dd><dt><k>zZ</k></dt><dd>Set full zoom value of current web page</dd><dt><k>ZZ</k></dt><dd>Quit and save the session</dd></dl>

<dl insertafter="caret-map-index"><dt tag="caret_?"><k>caret_?</k></dt><dd>Find a pattern backward of the current caret position</dd><dt tag="caret_*"><k>caret_*</k></dt><dd>Find word under cursor</dd><dt tag="caret_/"><k>caret_/</k></dt><dd>Find a pattern starting at the current caret position</dd><dt tag="caret_#"><k>caret_#</k></dt><dd>Find word under cursor backwards</dd><dt tag="caret_^"><k>caret_^</k></dt><dd>Move to the first non-whitespace character of the line</dd><dt tag="caret_&lt;*-BS&gt;"><k>caret_&lt;*-BS&gt;</k></dt><dd>Handled by Firefox</dd><dt tag="caret_&lt;*-Del&gt;"><k>caret_&lt;*-Del&gt;</k></dt><dd>Handled by Firefox</dd><dt tag="caret_&lt;*-Down&gt;"><k>caret_&lt;*-Down&gt;</k></dt><dd>Handled by Firefox</dd><dt tag="caret_&lt;*-End&gt;"><k>caret_&lt;*-End&gt;</k></dt><dd>Handled by Firefox</dd><dt tag="caret_&lt;*-Home&gt;"><k>caret_&lt;*-Home&gt;</k></dt><dd>Handled by Firefox</dd><dt tag="caret_&lt;*-Left&gt;"><k>caret_&lt;*-Left&gt;</k></dt><dd>Handled by Firefox</dd><dt tag="caret_&lt;*-PageDown&gt;"><k>caret_&lt;*-PageDown&gt;</k></dt><dd>Handled by Firefox</dd><dt tag="caret_&lt;*-PageUp&gt;"><k>caret_&lt;*-PageUp&gt;</k></dt><dd>Handled by Firefox</dd><dt tag="caret_&lt;*-Return&gt;"><k>caret_&lt;*-Return&gt;</k></dt><dd>Handled by Firefox</dd><dt tag="caret_&lt;*-Right&gt;"><k>caret_&lt;*-Right&gt;</k></dt><dd>Handled by Firefox</dd><dt tag="caret_&lt;*-Tab&gt;"><k>caret_&lt;*-Tab&gt;</k></dt><dd>Handled by Firefox</dd><dt tag="caret_&lt;*-Up&gt;"><k>caret_&lt;*-Up&gt;</k></dt><dd>Handled by Firefox</dd><dt tag="caret_&lt;BS&gt;"><k>caret_&lt;BS&gt;</k></dt><dd>Move left one character</dd><dt tag="caret_&lt;C-b&gt;"><k>caret_&lt;C-b&gt;</k></dt><dd>Move up one page</dd><dt tag="caret_&lt;C-End&gt;"><k>caret_&lt;C-End&gt;</k></dt><dd>Move to the end of text</dd><dt tag="caret_&lt;C-f&gt;"><k>caret_&lt;C-f&gt;</k></dt><dd>Move down one page</dd><dt tag="caret_&lt;C-Home&gt;"><k>caret_&lt;C-Home&gt;</k></dt><dd>Move to the start of text</dd><dt tag="caret_&lt;C-Left&gt;"><k>caret_&lt;C-Left&gt;</k></dt><dd>Move left one word</dd><dt tag="caret_&lt;C-Right&gt;"><k>caret_&lt;C-Right&gt;</k></dt><dd>Move right one word</dd><dt tag="caret_&lt;Down&gt;"><k>caret_&lt;Down&gt;</k></dt><dd>Move down one line</dd><dt tag="caret_&lt;End&gt;"><k>caret_&lt;End&gt;</k></dt><dd>Move to the end of the current line</dd><dt tag="caret_&lt;find-backward&gt;"><k>caret_&lt;find-backward&gt;</k></dt><dd>Find a pattern backward of the current caret position</dd><dt tag="caret_&lt;find-forward&gt;"><k>caret_&lt;find-forward&gt;</k></dt><dd>Find a pattern starting at the current caret position</dd><dt tag="caret_&lt;find-next&gt;"><k>caret_&lt;find-next&gt;</k></dt><dd>Find next</dd><dt tag="caret_&lt;find-previous&gt;"><k>caret_&lt;find-previous&gt;</k></dt><dd>Find previous</dd><dt tag="caret_&lt;find-word-backward&gt;"><k>caret_&lt;find-word-backward&gt;</k></dt><dd>Find word under cursor backwards</dd><dt tag="caret_&lt;find-word-forward&gt;"><k>caret_&lt;find-word-forward&gt;</k></dt><dd>Find word under cursor</dd><dt tag="caret_&lt;Home&gt;"><k>caret_&lt;Home&gt;</k></dt><dd>Move to the beginning of the line</dd><dt tag="caret_&lt;Left&gt;"><k>caret_&lt;Left&gt;</k></dt><dd>Move left one character</dd><dt tag="caret_&lt;M-c&gt;"><k>caret_&lt;M-c&gt;</k></dt><dd>Handled by Firefox</dd><dt tag="caret_&lt;M-v&gt;"><k>caret_&lt;M-v&gt;</k></dt><dd>Handled by Firefox</dd><dt tag="caret_&lt;PageDown&gt;"><k>caret_&lt;PageDown&gt;</k></dt><dd>Move down one page</dd><dt tag="caret_&lt;PageUp&gt;"><k>caret_&lt;PageUp&gt;</k></dt><dd>Move up one page</dd><dt tag="caret_&lt;Return&gt;"><k>caret_&lt;Return&gt;</k></dt><dd>Move down one line</dd><dt tag="caret_&lt;Right&gt;"><k>caret_&lt;Right&gt;</k></dt><dd>Move right one character</dd><dt tag="caret_&lt;S-slash&gt;"><k>caret_&lt;S-slash&gt;</k></dt><dd>Find a pattern backward of the current caret position</dd><dt tag="caret_&lt;Space&gt;"><k>caret_&lt;Space&gt;</k></dt><dd>Move right one character</dd><dt tag="caret_&lt;Up&gt;"><k>caret_&lt;Up&gt;</k></dt><dd>Move up one line</dd><dt tag="caret_$"><k>caret_$</k></dt><dd>Move to the end of the current line</dd><dt tag="caret_0"><k>caret_0</k></dt><dd>Move to the beginning of the line</dd><dt tag="caret_b"><k>caret_b</k></dt><dd>Move left one word</dd><dt tag="caret_B"><k>caret_B</k></dt><dd>Move left to the previous white space</dd><dt tag="caret_e"><k>caret_e</k></dt><dd>Move to the end of the current word</dd><dt tag="caret_E"><k>caret_E</k></dt><dd>Move right to the next white space</dd><dt tag="caret_G"><k>caret_G</k></dt><dd>Move to the end of text</dd><dt tag="caret_gg"><k>caret_gg</k></dt><dd>Move to the start of text</dd><dt tag="caret_h"><k>caret_h</k></dt><dd>Move left one character</dd><dt tag="caret_j"><k>caret_j</k></dt><dd>Move down one line</dd><dt tag="caret_k"><k>caret_k</k></dt><dd>Move up one line</dd><dt tag="caret_l"><k>caret_l</k></dt><dd>Move right one character</dd><dt tag="caret_n"><k>caret_n</k></dt><dd>Find next</dd><dt tag="caret_N"><k>caret_N</k></dt><dd>Find previous</dd><dt tag="caret_v"><k>caret_v</k></dt><dd>Start Visual mode</dd><dt tag="caret_w"><k>caret_w</k></dt><dd>Move right one word</dd><dt tag="caret_W"><k>caret_W</k></dt><dd>Move right to just beyond the next white space</dd></dl>

<dl insertafter="I-map-index"><dt tag="I_&lt;*-BS&gt;"><k name="*-BS" mode="I"></k></dt><dd>Handled by Firefox</dd><dt tag="I_&lt;*-Del&gt;"><k name="*-Del" mode="I"></k></dt><dd>Handled by Firefox</dd><dt tag="I_&lt;*-Down&gt;"><k name="*-Down" mode="I"></k></dt><dd>Handled by Firefox</dd><dt tag="I_&lt;*-End&gt;"><k name="*-End" mode="I"></k></dt><dd>Handled by Firefox</dd><dt tag="I_&lt;*-Home&gt;"><k name="*-Home" mode="I"></k></dt><dd>Handled by Firefox</dd><dt tag="I_&lt;*-Left&gt;"><k name="*-Left" mode="I"></k></dt><dd>Handled by Firefox</dd><dt tag="I_&lt;*-PageDown&gt;"><k name="*-PageDown" mode="I"></k></dt><dd>Handled by Firefox</dd><dt tag="I_&lt;*-PageUp&gt;"><k name="*-PageUp" mode="I"></k></dt><dd>Handled by Firefox</dd><dt tag="I_&lt;*-Return&gt;"><k name="*-Return" mode="I"></k></dt><dd>Handled by Firefox</dd><dt tag="I_&lt;*-Right&gt;"><k name="*-Right" mode="I"></k></dt><dd>Handled by Firefox</dd><dt tag="I_&lt;*-Tab&gt;"><k name="*-Tab" mode="I"></k></dt><dd>Handled by Firefox</dd><dt tag="I_&lt;*-Up&gt;"><k name="*-Up" mode="I"></k></dt><dd>Handled by Firefox</dd><dt tag="I_&lt;C-'&gt;"><k name="C-'" mode="I"></k></dt><dd>Bind a register to the next command</dd><dt tag="I_&lt;C-&quot;&gt;"><k name="C-&quot;" mode="I"></k></dt><dd>Bind a register to the next command</dd><dt tag="I_&lt;C-[&gt;"><k name="C-[" mode="I"></k></dt><dd>Return to the previous mode</dd><dt tag="I_&lt;C-a&gt;"><k name="C-a" mode="I"></k></dt><dd>Move cursor to beginning of current line</dd><dt tag="I_&lt;C-d&gt;"><k name="C-d" mode="I"></k></dt><dd>Delete character to the right</dd><dt tag="I_&lt;C-e&gt;"><k name="C-e" mode="I"></k></dt><dd>Move cursor to end of current line</dd><dt tag="I_&lt;C-h&gt;"><k name="C-h" mode="I"></k></dt><dd>Delete character to the left</dd><dt tag="I_&lt;C-i&gt;"><k name="C-i" mode="I"></k></dt><dd>Edit text field with an external editor</dd><dt tag="I_&lt;C-k&gt;"><k name="C-k" mode="I"></k></dt><dd>Delete until end of current line</dd><dt tag="I_&lt;C-t&gt;"><k name="C-t" mode="I"></k></dt><dd>Edit text field in Text Edit mode</dd><dt tag="I_&lt;C-u&gt;"><k name="C-u" mode="I"></k></dt><dd>Delete until beginning of current line</dd><dt tag="I_&lt;C-w&gt;"><k name="C-w" mode="I"></k></dt><dd>Delete previous word</dd><dt tag="I_&lt;Esc&gt;"><k name="Esc" mode="I"></k></dt><dd>Return to the previous mode</dd><dt tag="I_&lt;M-c&gt;"><k name="M-c" mode="I"></k></dt><dd>Handled by Firefox</dd><dt tag="I_&lt;M-v&gt;"><k name="M-v" mode="I"></k></dt><dd>Handled by Firefox</dd><dt tag="I_&lt;S-Insert&gt;"><k name="S-Insert" mode="I"></k></dt><dd>Insert clipboard/selection</dd></dl>

<dl insertafter="o-map-index"><dt tag="o_^"><k mode="o">^</k></dt><dd>Move to the first non-whitespace character of the line</dd><dt tag="o_&lt;BS&gt;"><k name="BS" mode="o"></k></dt><dd>Move left one character</dd><dt tag="o_&lt;C-[&gt;"><k name="C-[" mode="o"></k></dt><dd>Return to the previous mode</dd><dt tag="o_&lt;C-b&gt;"><k name="C-b" mode="o"></k></dt><dd>Move up one page</dd><dt tag="o_&lt;C-End&gt;"><k name="C-End" mode="o"></k></dt><dd>Move to the end of text</dd><dt tag="o_&lt;C-f&gt;"><k name="C-f" mode="o"></k></dt><dd>Move down one page</dd><dt tag="o_&lt;C-Home&gt;"><k name="C-Home" mode="o"></k></dt><dd>Move to the start of text</dd><dt tag="o_&lt;C-Left&gt;"><k name="C-Left" mode="o"></k></dt><dd>Move left one word</dd><dt tag="o_&lt;C-Right&gt;"><k name="C-Right" mode="o"></k></dt><dd>Move right one word</dd><dt tag="o_&lt;Down&gt;"><k name="Down" mode="o"></k></dt><dd>Move down one line</dd><dt tag="o_&lt;End&gt;"><k name="End" mode="o"></k></dt><dd>Move to the end of the current line</dd><dt tag="o_&lt;Esc&gt;"><k name="Esc" mode="o"></k></dt><dd>Return to the previous mode</dd><dt tag="o_&lt;Home&gt;"><k name="Home" mode="o"></k></dt><dd>Move to the beginning of the line</dd><dt tag="o_&lt;Left&gt;"><k name="Left" mode="o"></k></dt><dd>Move left one character</dd><dt tag="o_&lt;PageDown&gt;"><k name="PageDown" mode="o"></k></dt><dd>Move down one page</dd><dt tag="o_&lt;PageUp&gt;"><k name="PageUp" mode="o"></k></dt><dd>Move up one page</dd><dt tag="o_&lt;Return&gt;"><k name="Return" mode="o"></k></dt><dd>Move down one line</dd><dt tag="o_&lt;Right&gt;"><k name="Right" mode="o"></k></dt><dd>Move right one character</dd><dt tag="o_&lt;Space&gt;"><k name="Space" mode="o"></k></dt><dd>Move right one character</dd><dt tag="o_&lt;Up&gt;"><k name="Up" mode="o"></k></dt><dd>Move up one line</dd><dt tag="o_$"><k mode="o">$</k></dt><dd>Move to the end of the current line</dd><dt tag="o_0"><k mode="o">0</k></dt><dd>Move to the beginning of the line</dd><dt tag="o_b"><k mode="o">b</k></dt><dd>Move left one word</dd><dt tag="o_B"><k mode="o">B</k></dt><dd>Move left to the previous white space</dd><dt tag="o_c"><k mode="o">c</k></dt><dd>Select the entire line</dd><dt tag="o_d"><k mode="o">d</k></dt><dd>Select the entire line</dd><dt tag="o_e"><k mode="o">e</k></dt><dd>Move to the end of the current word</dd><dt tag="o_E"><k mode="o">E</k></dt><dd>Move right to the next white space</dd><dt tag="o_f"><k mode="o">f</k></dt><dd>Find a character on the current line, forwards</dd><dt tag="o_F"><k mode="o">F</k></dt><dd>Find a character on the current line, backwards</dd><dt tag="o_G"><k mode="o">G</k></dt><dd>Move to the end of text</dd><dt tag="o_gg"><k mode="o">gg</k></dt><dd>Move to the start of text</dd><dt tag="o_h"><k mode="o">h</k></dt><dd>Move left one character</dd><dt tag="o_j"><k mode="o">j</k></dt><dd>Move down one line</dd><dt tag="o_k"><k mode="o">k</k></dt><dd>Move up one line</dd><dt tag="o_l"><k mode="o">l</k></dt><dd>Move right one character</dd><dt tag="o_t"><k mode="o">t</k></dt><dd>Find a character on the current line, forwards, and move to the character before it</dd><dt tag="o_T"><k mode="o">T</k></dt><dd>Find a character on the current line, backwards, and move to the character after it</dd><dt tag="o_w"><k mode="o">w</k></dt><dd>Move right one word</dd><dt tag="o_W"><k mode="o">W</k></dt><dd>Move right to just beyond the next white space</dd><dt tag="o_y"><k mode="o">y</k></dt><dd>Select the entire line</dd></dl>

<dl insertafter="v-map-index"><dt tag="v_^"><k mode="v">^</k></dt><dd>Move to the first non-whitespace character of the line</dd><dt tag="v_&lt;BS&gt;"><k name="BS" mode="v"></k></dt><dd>Move left one character</dd><dt tag="v_&lt;C-b&gt;"><k name="C-b" mode="v"></k></dt><dd>Move up one page</dd><dt tag="v_&lt;C-End&gt;"><k name="C-End" mode="v"></k></dt><dd>Move to the end of text</dd><dt tag="v_&lt;C-f&gt;"><k name="C-f" mode="v"></k></dt><dd>Move down one page</dd><dt tag="v_&lt;C-Home&gt;"><k name="C-Home" mode="v"></k></dt><dd>Move to the start of text</dd><dt tag="v_&lt;C-Left&gt;"><k name="C-Left" mode="v"></k></dt><dd>Move left one word</dd><dt tag="v_&lt;C-Right&gt;"><k name="C-Right" mode="v"></k></dt><dd>Move right one word</dd><dt tag="v_&lt;Down&gt;"><k name="Down" mode="v"></k></dt><dd>Move down one line</dd><dt tag="v_&lt;End&gt;"><k name="End" mode="v"></k></dt><dd>Move to the end of the current line</dd><dt tag="v_&lt;Home&gt;"><k name="Home" mode="v"></k></dt><dd>Move to the beginning of the line</dd><dt tag="v_&lt;Left&gt;"><k name="Left" mode="v"></k></dt><dd>Move left one character</dd><dt tag="v_&lt;PageDown&gt;"><k name="PageDown" mode="v"></k></dt><dd>Move down one page</dd><dt tag="v_&lt;PageUp&gt;"><k name="PageUp" mode="v"></k></dt><dd>Move up one page</dd><dt tag="v_&lt;Return&gt;"><k name="Return" mode="v"></k></dt><dd>Move down one line</dd><dt tag="v_&lt;Right&gt;"><k name="Right" mode="v"></k></dt><dd>Move right one character</dd><dt tag="v_&lt;Space&gt;"><k name="Space" mode="v"></k></dt><dd>Move right one character</dd><dt tag="v_&lt;Up&gt;"><k name="Up" mode="v"></k></dt><dd>Move up one line</dd><dt tag="v_~"><k mode="v">~</k></dt><dd>Switch case of the character under the cursor and move the cursor to the right</dd><dt tag="v_$"><k mode="v">$</k></dt><dd>Move to the end of the current line</dd><dt tag="v_0"><k mode="v">0</k></dt><dd>Move to the beginning of the line</dd><dt tag="v_b"><k mode="v">b</k></dt><dd>Move left one word</dd><dt tag="v_B"><k mode="v">B</k></dt><dd>Move left to the previous white space</dd><dt tag="v_c"><k mode="v">c</k></dt><dd>Change text</dd><dt tag="v_d"><k mode="v">d</k></dt><dd>Delete text</dd><dt tag="v_e"><k mode="v">e</k></dt><dd>Move to the end of the current word</dd><dt tag="v_E"><k mode="v">E</k></dt><dd>Move right to the next white space</dd><dt tag="v_f"><k mode="v">f</k></dt><dd>Find a character on the current line, forwards</dd><dt tag="v_F"><k mode="v">F</k></dt><dd>Find a character on the current line, backwards</dd><dt tag="v_G"><k mode="v">G</k></dt><dd>Move to the end of text</dd><dt tag="v_gg"><k mode="v">gg</k></dt><dd>Move to the start of text</dd><dt tag="v_gu"><k mode="v">gu</k></dt><dd>Lowercase text</dd><dt tag="v_gU"><k mode="v">gU</k></dt><dd>Uppercase text</dd><dt tag="v_h"><k mode="v">h</k></dt><dd>Move left one character</dd><dt tag="v_j"><k mode="v">j</k></dt><dd>Move down one line</dd><dt tag="v_k"><k mode="v">k</k></dt><dd>Move up one line</dd><dt tag="v_l"><k mode="v">l</k></dt><dd>Move right one character</dd><dt tag="v_o"><k mode="v">o</k></dt><dd>Move cursor to the other end of the selection</dd><dt tag="v_s"><k mode="v">s</k></dt><dd>Change selected text</dd><dt tag="v_t"><k mode="v">t</k></dt><dd>Find a character on the current line, forwards, and move to the character before it</dd><dt tag="v_T"><k mode="v">T</k></dt><dd>Find a character on the current line, backwards, and move to the character after it</dd><dt tag="v_v"><k mode="v">v</k></dt><dd>End Visual mode</dd><dt tag="v_V"><k mode="v">V</k></dt><dd>End Visual mode</dd><dt tag="v_w"><k mode="v">w</k></dt><dd>Move right one word</dd><dt tag="v_W"><k mode="v">W</k></dt><dd>Move right to just beyond the next white space</dd><dt tag="v_x"><k mode="v">x</k></dt><dd>Delete text</dd><dt tag="v_y"><k mode="v">y</k></dt><dd>Yank text</dd></dl>

<dl insertafter="t-map-index"><dt tag="t_*"><k mode="t">*</k></dt><dd>Find word under cursor</dd><dt tag="t_#"><k mode="t">#</k></dt><dd>Find word under cursor backwards</dd><dt tag="t_^"><k mode="t">^</k></dt><dd>Move to the first non-whitespace character of the line</dd><dt tag="t_&lt;BS&gt;"><k name="BS" mode="t"></k></dt><dd>Move left one character</dd><dt tag="t_&lt;C-a&gt;"><k name="C-a" mode="t"></k></dt><dd>Increment the next number</dd><dt tag="t_&lt;C-b&gt;"><k name="C-b" mode="t"></k></dt><dd>Move up one page</dd><dt tag="t_&lt;C-End&gt;"><k name="C-End" mode="t"></k></dt><dd>Move to the end of text</dd><dt tag="t_&lt;C-f&gt;"><k name="C-f" mode="t"></k></dt><dd>Move down one page</dd><dt tag="t_&lt;C-Home&gt;"><k name="C-Home" mode="t"></k></dt><dd>Move to the start of text</dd><dt tag="t_&lt;C-Left&gt;"><k name="C-Left" mode="t"></k></dt><dd>Move left one word</dd><dt tag="t_&lt;C-r&gt;"><k name="C-r" mode="t"></k></dt><dd>Redo undone changes</dd><dt tag="t_&lt;C-Right&gt;"><k name="C-Right" mode="t"></k></dt><dd>Move right one word</dd><dt tag="t_&lt;C-x&gt;"><k name="C-x" mode="t"></k></dt><dd>Decrement the next number</dd><dt tag="t_&lt;Down&gt;"><k name="Down" mode="t"></k></dt><dd>Move down one line</dd><dt tag="t_&lt;End&gt;"><k name="End" mode="t"></k></dt><dd>Move to the end of the current line</dd><dt tag="t_&lt;find-word-backward&gt;"><k name="find-word-backward" mode="t"></k></dt><dd>Find word under cursor backwards</dd><dt tag="t_&lt;find-word-forward&gt;"><k name="find-word-forward" mode="t"></k></dt><dd>Find word under cursor</dd><dt tag="t_&lt;Home&gt;"><k name="Home" mode="t"></k></dt><dd>Move to the beginning of the line</dd><dt tag="t_&lt;Insert&gt;"><k name="Insert" mode="t"></k></dt><dd>Insert text before the cursor</dd><dt tag="t_&lt;Left&gt;"><k name="Left" mode="t"></k></dt><dd>Move left one character</dd><dt tag="t_&lt;PageDown&gt;"><k name="PageDown" mode="t"></k></dt><dd>Move down one page</dd><dt tag="t_&lt;PageUp&gt;"><k name="PageUp" mode="t"></k></dt><dd>Move up one page</dd><dt tag="t_&lt;Return&gt;"><k name="Return" mode="t"></k></dt><dd>Move down one line</dd><dt tag="t_&lt;Right&gt;"><k name="Right" mode="t"></k></dt><dd>Move right one character</dd><dt tag="t_&lt;Space&gt;"><k name="Space" mode="t"></k></dt><dd>Move right one character</dd><dt tag="t_&lt;Up&gt;"><k name="Up" mode="t"></k></dt><dd>Move up one line</dd><dt tag="t_~"><k mode="t">~</k></dt><dd>Switch case of the character under the cursor and move the cursor to the right</dd><dt tag="t_$"><k mode="t">$</k></dt><dd>Move to the end of the current line</dd><dt tag="t_0"><k mode="t">0</k></dt><dd>Move to the beginning of the line</dd><dt tag="t_a"><k mode="t">a</k></dt><dd>Append text after the cursor</dd><dt tag="t_A"><k mode="t">A</k></dt><dd>Append text at the end of the line</dd><dt tag="t_b"><k mode="t">b</k></dt><dd>Move left one word</dd><dt tag="t_B"><k mode="t">B</k></dt><dd>Move left to the previous white space</dd><dt tag="t_c"><k mode="t">c</k></dt><dd>Change text</dd><dt tag="t_C"><k mode="t">C</k></dt><dd>Delete from the cursor to the end of the line and start insert</dd><dt tag="t_d"><k mode="t">d</k></dt><dd>Delete text</dd><dt tag="t_D"><k mode="t">D</k></dt><dd>Delete characters from the cursor to the end of the line</dd><dt tag="t_e"><k mode="t">e</k></dt><dd>Move to the end of the current word</dd><dt tag="t_E"><k mode="t">E</k></dt><dd>Move right to the next white space</dd><dt tag="t_f"><k mode="t">f</k></dt><dd>Find a character on the current line, forwards</dd><dt tag="t_F"><k mode="t">F</k></dt><dd>Find a character on the current line, backwards</dd><dt tag="t_G"><k mode="t">G</k></dt><dd>Move to the end of text</dd><dt tag="t_gg"><k mode="t">gg</k></dt><dd>Move to the start of text</dd><dt tag="t_gu"><k mode="t">gu</k></dt><dd>Lowercase text</dd><dt tag="t_gU"><k mode="t">gU</k></dt><dd>Uppercase text</dd><dt tag="t_h"><k mode="t">h</k></dt><dd>Move left one character</dd><dt tag="t_i"><k mode="t">i</k></dt><dd>Insert text before the cursor</dd><dt tag="t_I"><k mode="t">I</k></dt><dd>Insert text at the beginning of the line</dd><dt tag="t_j"><k mode="t">j</k></dt><dd>Move down one line</dd><dt tag="t_k"><k mode="t">k</k></dt><dd>Move up one line</dd><dt tag="t_l"><k mode="t">l</k></dt><dd>Move right one character</dd><dt tag="t_o"><k mode="t">o</k></dt><dd>Open line below current</dd><dt tag="t_O"><k mode="t">O</k></dt><dd>Open line above current</dd><dt tag="t_p"><k mode="t">p</k></dt><dd>Paste clipboard contents</dd><dt tag="t_s"><k mode="t">s</k></dt><dd>Delete the character in front of the cursor and start insert</dd><dt tag="t_S"><k mode="t">S</k></dt><dd>Delete the current line and start insert</dd><dt tag="t_t"><k mode="t">t</k></dt><dd>Find a character on the current line, forwards, and move to the character before it</dd><dt tag="t_T"><k mode="t">T</k></dt><dd>Find a character on the current line, backwards, and move to the character after it</dd><dt tag="t_u"><k mode="t">u</k></dt><dd>Undo changes</dd><dt tag="t_v"><k mode="t">v</k></dt><dd>Start Visual mode</dd><dt tag="t_V"><k mode="t">V</k></dt><dd>Start Visual Line mode</dd><dt tag="t_w"><k mode="t">w</k></dt><dd>Move right one word</dd><dt tag="t_W"><k mode="t">W</k></dt><dd>Move right to just beyond the next white space</dd><dt tag="t_x"><k mode="t">x</k></dt><dd>Delete text</dd><dt tag="t_X"><k mode="t">X</k></dt><dd>Delete character to the left</dd><dt tag="t_y"><k mode="t">y</k></dt><dd>Yank text</dd></dl>

<dl insertafter="i-map-index"><dt tag="i_&lt;C-]&gt;"><k name="C-]" mode="i"></k></dt><dd>Expand Insert mode abbreviation</dd><dt tag="i_&lt;C-5&gt;"><k name="C-5" mode="i"></k></dt><dd>Expand Insert mode abbreviation</dd><dt tag="i_&lt;Return&gt;"><k name="Return" mode="i"></k></dt><dd>Expand Insert mode abbreviation</dd><dt tag="i_&lt;Space&gt;"><k name="Space" mode="i"></k></dt><dd>Expand Insert mode abbreviation</dd></dl>

<dl insertafter="c-map-index"><dt tag="c_'"><k mode="c">'</k></dt><dd>Expand command line abbreviation</dd><dt tag="c_&quot;"><k mode="c">"</k></dt><dd>Expand command line abbreviation</dd><dt><k name="A-compl-next" mode="c"></k></dt><dd>Select the next matching completion item</dd><dt><k name="A-compl-prev" mode="c"></k></dt><dd>Select the previous matching completion item</dd><dt><k name="A-f" mode="c"></k></dt><dd>Select the next matching completion group</dd><dt><k name="A-n" mode="c"></k></dt><dd>Recall the next matching command line from the history list</dd><dt><k name="A-p" mode="c"></k></dt><dd>Recall the previous matching command line from the history list</dd><dt><k name="A-S-F" mode="c"></k></dt><dd>Select the previous matching completion group</dd><dt><k name="A-S-Tab" mode="c"></k></dt><dd>Select the previous matching completion item</dd><dt><k name="A-Tab" mode="c"></k></dt><dd>Select the next matching completion item</dd><dt tag="c_&lt;BS&gt;"><k name="BS" mode="c"></k></dt><dd>Delete the previous character</dd><dt tag="c_&lt;C-[&gt;"><k name="C-[" mode="c"></k></dt><dd>Stop waiting for completions or exit Command Line mode</dd><dt><k name="C-]" mode="c"></k></dt><dd>Expand command line abbreviation</dd><dt tag="c_&lt;C-5&gt;"><k name="C-5" mode="c"></k></dt><dd>Expand command line abbreviation</dd><dt tag="c_&lt;C-b&gt;"><k name="C-b" mode="c"></k></dt><dd>Select the previous page of completions</dd><dt tag="c_&lt;C-f&gt;"><k name="C-f" mode="c"></k></dt><dd>Select the next page of completions</dd><dt tag="c_&lt;C-h&gt;"><k name="C-h" mode="c"></k></dt><dd>Delete the previous character</dd><dt tag="c_&lt;C-j&gt;"><k name="C-j" mode="c"></k></dt><dd>Accept the current input</dd><dt tag="c_&lt;C-m&gt;"><k name="C-m" mode="c"></k></dt><dd>Accept the current input</dd><dt><k name="C-n" mode="c"></k></dt><dd>Recall the next command line from the history list</dd><dt><k name="C-p" mode="c"></k></dt><dd>Recall the previous command line from the history list</dd><dt><k name="C-S-Tab" mode="c"></k></dt><dd>Select the previous matching completion group</dd><dt><k name="C-Tab" mode="c"></k></dt><dd>Select the next matching completion group</dd><dt><k name="cmd-next-match" mode="c"></k></dt><dd>Recall the next matching command line from the history list</dd><dt><k name="cmd-next" mode="c"></k></dt><dd>Recall the next command line from the history list</dd><dt><k name="cmd-prev-match" mode="c"></k></dt><dd>Recall the previous matching command line from the history list</dd><dt><k name="cmd-prev" mode="c"></k></dt><dd>Recall the previous command line from the history list</dd><dt><k name="compl-next-group" mode="c"></k></dt><dd>Select the next matching completion group</dd><dt tag="c_&lt;compl-next-page&gt;"><k name="compl-next-page" mode="c"></k></dt><dd>Select the next page of completions</dd><dt><k name="compl-next" mode="c"></k></dt><dd>Select the next matching completion item</dd><dt><k name="compl-prev-group" mode="c"></k></dt><dd>Select the previous matching completion group</dd><dt tag="c_&lt;compl-prev-page&gt;"><k name="compl-prev-page" mode="c"></k></dt><dd>Select the previous page of completions</dd><dt><k name="compl-prev" mode="c"></k></dt><dd>Select the previous matching completion item</dd><dt><k name="Down" mode="c"></k></dt><dd>Recall the next matching command line from the history list</dd><dt tag="c_&lt;Esc&gt;"><k name="Esc" mode="c"></k></dt><dd>Stop waiting for completions or exit Command Line mode</dd><dt tag="c_&lt;PageDown&gt;"><k name="PageDown" mode="c"></k></dt><dd>Select the next page of completions</dd><dt tag="c_&lt;PageUp&gt;"><k name="PageUp" mode="c"></k></dt><dd>Select the previous page of completions</dd><dt tag="c_&lt;Return&gt;"><k name="Return" mode="c"></k></dt><dd>Accept the current input</dd><dt><k name="S-Down" mode="c"></k></dt><dd>Recall the next command line from the history list</dd><dt><k name="S-Tab" mode="c"></k></dt><dd>Select the previous matching completion item</dd><dt><k name="S-Up" mode="c"></k></dt><dd>Recall the previous command line from the history list</dd><dt tag="c_&lt;Space&gt;"><k name="Space" mode="c"></k></dt><dd>Expand command line abbreviation</dd><dt><k name="Tab" mode="c"></k></dt><dd>Select the next matching completion item</dd><dt><k name="Up" mode="c"></k></dt><dd>Recall the previous matching command line from the history list</dd></dl></overlay>