<?xml version="1.0"?>
<?xml-stylesheet type="text/xsl" href="dactyl://content/help.xsl"?>
<document xmlns="http://vimperator.org/namespaces/liberator" name="plugins" title="Pentadactyl, Plugins"><h1 tag="using-plugins">Using Plugins</h1><toc start="2"/><h2 tag="TabGroupie-plugin">TabGroupie Plugin</h2><plugin name="TabGroupie" version="0.9.1" href="https://github.com/eri451/TabGroupie" summary="TabGroupie Plugin"><author email="hans.orter@gmx.de">eri!</author><license href="http://opensource.org/licenses/mit-license.php">MIT</license><project name="Pentadactyl" min-version="1.0b7.2"/><p>This plugin allows you to create tabgroups, rename or delete them andmove the currently use tab from group to group.</p><item><tags>:tgc :tgroup-move</tags><spec>:tgroup-move <oa>targetGroup</oa></spec><description><p>Move the current tab to the specified group.</p><p>A groupname, that is not listed, will be handled as a new group with a new name assumed you confirm the prompt. [Y/n/b] for yes(default), no and background.</p></description></item><item><tags>:tgd :tgroup-delete</tags><spec>:tgroup-delete <oa>GroupName</oa></spec><description>This is deleting the given tabgroup incl. its items.</description></item><item><tags>:tgg :tgroup-get</tags><spec>:tgroup-get <oa>TabIndex</oa></spec><description>This moves a tab to the current group.</description></item><item><tags>:tgn :tgroup-new</tags><spec>:tgroup-new <oa>newGroupname</oa></spec><description>Create a new tabgroup.</description></item><item><tags>:tgs :tgroup-switch</tags><spec>:tgroup-switch <oa>targetGroup</oa></spec><description>switch to last viewed tab of a specified group.</description></item><item><tags>:tgt :tgroup-title</tags><spec>:tgroup-title <oa>newName</oa></spec><description>Sets a new title to the currently used group.</description></item><item><tags>:tgi :tgroup-init</tags><spec>:tgroup-init</spec><description>Reloads the tab-group list.</description></item></plugin></document>